<Configuration>
  <home>
    <appliances>
      <appliances>
        <name>appliance_Hifi@192.168.152.1:8888/JADE</name>
        <localName>appliance_Hifi</localName>
        <allUserDefinedSlot/>
        <allAddresses>http://DTMcJSCHAEFER.cbcdtm.intern:7778/acc</allAddresses>
        <hap>192.168.152.1:8888/JADE</hap>
        <resolversArray/>
        <addressesArray>
          <addressesArray>http://DTMcJSCHAEFER.cbcdtm.intern:7778/acc</addressesArray>
        </addressesArray>
      </appliances>
    </appliances>
    <retailers>
      <retailers>
        <name>retailer_Time of use Tariff@192.168.152.1:8888/JADE</name>
        <localName>retailer_Time of use Tariff</localName>
        <allUserDefinedSlot/>
        <allAddresses>http://DTMcJSCHAEFER.cbcdtm.intern:7778/acc</allAddresses>
        <hap>192.168.152.1:8888/JADE</hap>
        <resolversArray/>
        <addressesArray>
          <addressesArray>http://DTMcJSCHAEFER.cbcdtm.intern:7778/acc</addressesArray>
        </addressesArray>
      </retailers>
    </retailers>
    <buyingStrategy>
      <initialValue>0.0</initialValue>
      <reservationValue>50.0</reservationValue>
      <round>0</round>
      <deadline>20</deadline>
      <beta>1.0</beta>
      <name>Time-Dependent</name>
    </buyingStrategy>
    <negotiatedOffers/>
    <forecastPeriodCount>0</forecastPeriodCount>
    <sellingStrategy>
      <initialValue>30.0</initialValue>
      <reservationValue>0.0</reservationValue>
      <round>0</round>
      <deadline>20</deadline>
      <beta>1.0</beta>
      <name>Time-Dependent</name>
    </sellingStrategy>
    <totalUsageForecasts/>
    <actualTotalUsages/>
    <nextPeriod>25</nextPeriod>
    <excessPrice>150.0</excessPrice>
    <currentPeriod>24</currentPeriod>
  </home>
  <appliances>
    <appliances>
      <type>HIFI</type>
      <localName>appliance_Hifi</localName>
      <actualUsages/>
      <usageForecasts/>
      <forecastingMethod>COMPLEX</forecastingMethod>
    </appliances>
  </appliances>
  <retailers>
    <retailers>
      <localName>retailer_Time of use Tariff</localName>
      <buyingStrategy>
        <initialValue>0.0</initialValue>
        <reservationValue>0.0</reservationValue>
        <round>0</round>
        <name>Fixed Price</name>
      </buyingStrategy>
      <sellingStrategy>
        <initialValue>0.0</initialValue>
        <reservationValue>0.0</reservationValue>
        <round>0</round>
        <name>Fixed Price</name>
      </sellingStrategy>
      <tariff>
        <volumeCharges>
          <volumeCharges>10.0</volumeCharges>
          <volumeCharges>12.0</volumeCharges>
          <volumeCharges>14.0</volumeCharges>
          <volumeCharges>17.0</volumeCharges>
          <volumeCharges>20.0</volumeCharges>
          <volumeCharges>25.0</volumeCharges>
          <volumeCharges>28.0</volumeCharges>
          <volumeCharges>35.0</volumeCharges>
          <volumeCharges>43.0</volumeCharges>
          <volumeCharges>60.0</volumeCharges>
          <volumeCharges>79.0</volumeCharges>
          <volumeCharges>88.0</volumeCharges>
          <volumeCharges>100.0</volumeCharges>
          <volumeCharges>130.0</volumeCharges>
          <volumeCharges>150.0</volumeCharges>
          <volumeCharges>160.0</volumeCharges>
          <volumeCharges>144.0</volumeCharges>
          <volumeCharges>122.0</volumeCharges>
          <volumeCharges>105.0</volumeCharges>
          <volumeCharges>88.0</volumeCharges>
          <volumeCharges>65.0</volumeCharges>
          <volumeCharges>52.0</volumeCharges>
          <volumeCharges>43.0</volumeCharges>
          <volumeCharges>22.0</volumeCharges>
        </volumeCharges>
        <feedInRates>
          <feedInRates>10.0</feedInRates>
          <feedInRates>12.0</feedInRates>
          <feedInRates>14.0</feedInRates>
          <feedInRates>17.0</feedInRates>
          <feedInRates>20.0</feedInRates>
          <feedInRates>25.0</feedInRates>
          <feedInRates>28.0</feedInRates>
          <feedInRates>35.0</feedInRates>
          <feedInRates>43.0</feedInRates>
          <feedInRates>60.0</feedInRates>
          <feedInRates>79.0</feedInRates>
          <feedInRates>88.0</feedInRates>
          <feedInRates>100.0</feedInRates>
          <feedInRates>130.0</feedInRates>
          <feedInRates>150.0</feedInRates>
          <feedInRates>160.0</feedInRates>
          <feedInRates>144.0</feedInRates>
          <feedInRates>122.0</feedInRates>
          <feedInRates>105.0</feedInRates>
          <feedInRates>88.0</feedInRates>
          <feedInRates>65.0</feedInRates>
          <feedInRates>52.0</feedInRates>
          <feedInRates>43.0</feedInRates>
          <feedInRates>22.0</feedInRates>
        </feedInRates>
        <name>Time of use Tariff</name>
      </tariff>
      <negotiationMessages>
        <negotiationMessages>homeAgent send a CFP: Price: 0.0, Amount: 53.44619295299343, Number of Periods: 1, Status:COUNTEROFFER</negotiationMessages>
        <negotiationMessages>retailer_Time of use Tariff send a PROPOSE: Price: 12.0, Amount: 53.44619295299343, Number of Periods: 1, Status:COUNTEROFFER</negotiationMessages>
        <negotiationMessages>homeAgent send a ACCEPT-PROPOSAL:  - </negotiationMessages>
      </negotiationMessages>
      <outgoingOffers/>
      <incomingOffers/>
    </retailers>
  </retailers>
</Configuration>
