<Configuration>
  <home>
    <appliances>
      <appliances>
        <name>appliance_Fridge@192.168.152.1:8888/JADE</name>
        <localName>appliance_Fridge</localName>
        <allUserDefinedSlot/>
        <addressesArray>
          <addressesArray>http://DTMcJSCHAEFER.cbcdtm.intern:7778/acc</addressesArray>
        </addressesArray>
        <resolversArray/>
        <hap>192.168.152.1:8888/JADE</hap>
        <allAddresses>http://DTMcJSCHAEFER.cbcdtm.intern:7778/acc</allAddresses>
      </appliances>
    </appliances>
    <retailers>
      <retailers>
        <name>retailer_Fixed@192.168.152.1:8888/JADE</name>
        <localName>retailer_Fixed</localName>
        <allUserDefinedSlot/>
        <addressesArray>
          <addressesArray>http://DTMcJSCHAEFER.cbcdtm.intern:7778/acc</addressesArray>
        </addressesArray>
        <resolversArray/>
        <hap>192.168.152.1:8888/JADE</hap>
        <allAddresses>http://DTMcJSCHAEFER.cbcdtm.intern:7778/acc</allAddresses>
      </retailers>
      <retailers>
        <name>retailer_Time Dependent@192.168.152.1:8888/JADE</name>
        <localName>retailer_Time Dependent</localName>
        <allUserDefinedSlot/>
        <addressesArray>
          <addressesArray>http://DTMcJSCHAEFER.cbcdtm.intern:7778/acc</addressesArray>
        </addressesArray>
        <resolversArray/>
        <hap>192.168.152.1:8888/JADE</hap>
        <allAddresses>http://DTMcJSCHAEFER.cbcdtm.intern:7778/acc</allAddresses>
      </retailers>
    </retailers>
    <currentPeriod>9</currentPeriod>
    <excessPrice>150.0</excessPrice>
    <nextPeriod>10</nextPeriod>
    <actualTotalUsages/>
    <negotiatedOffers/>
    <sellingStrategy>
      <initialValue>30.0</initialValue>
      <reservationValue>0.0</reservationValue>
      <round>0</round>
      <deadline>20</deadline>
      <beta>1.0</beta>
      <name>Time-Dependent</name>
    </sellingStrategy>
    <forecastPeriodCount>0</forecastPeriodCount>
    <totalUsageForecasts/>
    <buyingStrategy>
      <initialValue>0.0</initialValue>
      <reservationValue>50.0</reservationValue>
      <round>0</round>
      <deadline>18</deadline>
      <beta>0.3</beta>
      <name>Time-Dependent</name>
    </buyingStrategy>
  </home>
  <appliances>
    <appliances>
      <type>FRIDGE</type>
      <localName>appliance_Fridge</localName>
      <forecastingMethod>MODERATE</forecastingMethod>
      <usageForecasts/>
      <actualUsages/>
    </appliances>
  </appliances>
  <retailers>
    <retailers>
      <localName>retailer_Fixed</localName>
      <sellingStrategy>
        <initialValue>0.0</initialValue>
        <reservationValue>0.0</reservationValue>
        <round>0</round>
        <name>Fixed Price</name>
      </sellingStrategy>
      <buyingStrategy>
        <initialValue>0.0</initialValue>
        <reservationValue>0.0</reservationValue>
        <round>0</round>
        <name>Fixed Price</name>
      </buyingStrategy>
      <outgoingOffers/>
      <negotiationMessages>
        <negotiationMessages>homeAgent send a CFP: Price: 0.0, Amount: 43.355999999999995, Number of Periods: 1, Status:COUNTEROFFER</negotiationMessages>
        <negotiationMessages>retailer_Fixed send a PROPOSE: Price: 60.14854497271913, Amount: 43.355999999999995, Number of Periods: 1, Status:COUNTEROFFER</negotiationMessages>
        <negotiationMessages>homeAgent send a CFP: Price: 0.00395798004002463, Amount: 43.355999999999995, Number of Periods: 1, Status:COUNTEROFFER</negotiationMessages>
        <negotiationMessages>retailer_Fixed send a PROPOSE: Price: 60.14854497271913, Amount: 43.355999999999995, Number of Periods: 1, Status:COUNTEROFFER</negotiationMessages>
        <negotiationMessages>homeAgent send a CFP: Price: 0.03989393893992627, Amount: 43.355999999999995, Number of Periods: 1, Status:COUNTEROFFER</negotiationMessages>
        <negotiationMessages>retailer_Fixed send a PROPOSE: Price: 60.14854497271913, Amount: 43.355999999999995, Number of Periods: 1, Status:COUNTEROFFER</negotiationMessages>
        <negotiationMessages>homeAgent send a CFP: Price: 0.15412666532429223, Amount: 43.355999999999995, Number of Periods: 1, Status:COUNTEROFFER</negotiationMessages>
        <negotiationMessages>retailer_Fixed send a PROPOSE: Price: 60.14854497271913, Amount: 43.355999999999995, Number of Periods: 1, Status:COUNTEROFFER</negotiationMessages>
        <negotiationMessages>homeAgent send a CFP: Price: 0.402105707469071, Amount: 43.355999999999995, Number of Periods: 1, Status:COUNTEROFFER</negotiationMessages>
        <negotiationMessages>retailer_Fixed send a PROPOSE: Price: 60.14854497271913, Amount: 43.355999999999995, Number of Periods: 1, Status:COUNTEROFFER</negotiationMessages>
        <negotiationMessages>homeAgent send a CFP: Price: 0.8460063332335738, Amount: 43.355999999999995, Number of Periods: 1, Status:COUNTEROFFER</negotiationMessages>
        <negotiationMessages>retailer_Fixed send a PROPOSE: Price: 60.14854497271913, Amount: 43.355999999999995, Number of Periods: 1, Status:COUNTEROFFER</negotiationMessages>
        <negotiationMessages>homeAgent send a CFP: Price: 1.5534994399374245, Amount: 43.355999999999995, Number of Periods: 1, Status:COUNTEROFFER</negotiationMessages>
        <negotiationMessages>retailer_Fixed send a PROPOSE: Price: 60.14854497271913, Amount: 43.355999999999995, Number of Periods: 1, Status:COUNTEROFFER</negotiationMessages>
        <negotiationMessages>homeAgent send a CFP: Price: 2.5969707996983615, Amount: 43.355999999999995, Number of Periods: 1, Status:COUNTEROFFER</negotiationMessages>
        <negotiationMessages>retailer_Fixed send a PROPOSE: Price: 60.14854497271913, Amount: 43.355999999999995, Number of Periods: 1, Status:COUNTEROFFER</negotiationMessages>
        <negotiationMessages>homeAgent send a CFP: Price: 4.052971560985222, Amount: 43.355999999999995, Number of Periods: 1, Status:COUNTEROFFER</negotiationMessages>
        <negotiationMessages>retailer_Fixed send a PROPOSE: Price: 60.14854497271913, Amount: 43.355999999999995, Number of Periods: 1, Status:COUNTEROFFER</negotiationMessages>
        <negotiationMessages>homeAgent send a CFP: Price: 6.001806154595604, Amount: 43.355999999999995, Number of Periods: 1, Status:COUNTEROFFER</negotiationMessages>
        <negotiationMessages>retailer_Fixed send a PROPOSE: Price: 60.14854497271913, Amount: 43.355999999999995, Number of Periods: 1, Status:COUNTEROFFER</negotiationMessages>
        <negotiationMessages>homeAgent send a CFP: Price: 8.52720950068285, Amount: 43.355999999999995, Number of Periods: 1, Status:COUNTEROFFER</negotiationMessages>
        <negotiationMessages>retailer_Fixed send a PROPOSE: Price: 60.14854497271913, Amount: 43.355999999999995, Number of Periods: 1, Status:COUNTEROFFER</negotiationMessages>
        <negotiationMessages>homeAgent send a CFP: Price: 11.716085983295631, Amount: 43.355999999999995, Number of Periods: 1, Status:COUNTEROFFER</negotiationMessages>
        <negotiationMessages>retailer_Fixed send a PROPOSE: Price: 60.14854497271913, Amount: 43.355999999999995, Number of Periods: 1, Status:COUNTEROFFER</negotiationMessages>
        <negotiationMessages>homeAgent send a CFP: Price: 15.65829316301646, Amount: 43.355999999999995, Number of Periods: 1, Status:COUNTEROFFER</negotiationMessages>
        <negotiationMessages>retailer_Fixed send a PROPOSE: Price: 60.14854497271913, Amount: 43.355999999999995, Number of Periods: 1, Status:COUNTEROFFER</negotiationMessages>
        <negotiationMessages>homeAgent send a CFP: Price: 20.446459067831626, Amount: 43.355999999999995, Number of Periods: 1, Status:COUNTEROFFER</negotiationMessages>
        <negotiationMessages>retailer_Fixed send a PROPOSE: Price: 60.14854497271913, Amount: 43.355999999999995, Number of Periods: 1, Status:COUNTEROFFER</negotiationMessages>
        <negotiationMessages>homeAgent send a CFP: Price: 26.175825412018312, Amount: 43.355999999999995, Number of Periods: 1, Status:COUNTEROFFER</negotiationMessages>
        <negotiationMessages>retailer_Fixed send a PROPOSE: Price: 60.14854497271913, Amount: 43.355999999999995, Number of Periods: 1, Status:COUNTEROFFER</negotiationMessages>
        <negotiationMessages>homeAgent send a CFP: Price: 32.94411130575363, Amount: 43.355999999999995, Number of Periods: 1, Status:COUNTEROFFER</negotiationMessages>
        <negotiationMessages>retailer_Fixed send a PROPOSE: Price: 60.14854497271913, Amount: 43.355999999999995, Number of Periods: 1, Status:COUNTEROFFER</negotiationMessages>
        <negotiationMessages>homeAgent send a CFP: Price: 40.85139347448452, Amount: 43.355999999999995, Number of Periods: 1, Status:COUNTEROFFER</negotiationMessages>
        <negotiationMessages>retailer_Fixed send a PROPOSE: Price: 60.14854497271913, Amount: 43.355999999999995, Number of Periods: 1, Status:COUNTEROFFER</negotiationMessages>
        <negotiationMessages>homeAgent send a CFP: Price: 50.0, Amount: 43.355999999999995, Number of Periods: 1, Status:COUNTEROFFER</negotiationMessages>
        <negotiationMessages>retailer_Fixed send a PROPOSE: Price: 60.14854497271913, Amount: 43.355999999999995, Number of Periods: 1, Status:COUNTEROFFER</negotiationMessages>
        <negotiationMessages>homeAgent send a REJECT-PROPOSAL:  - </negotiationMessages>
      </negotiationMessages>
      <incomingOffers/>
      <tariff>
        <volumeChargeMinValue>60.0</volumeChargeMinValue>
        <volumeChargeMaxValue>70.0</volumeChargeMaxValue>
        <feedInRateMinValue>10.0</feedInRateMinValue>
        <feedInRateMaxValue>20.0</feedInRateMaxValue>
        <name>Random Tariff</name>
      </tariff>
    </retailers>
    <retailers>
      <localName>retailer_Time Dependent</localName>
      <sellingStrategy>
        <initialValue>0.0</initialValue>
        <reservationValue>35.0</reservationValue>
        <round>0</round>
        <deadline>16</deadline>
        <beta>4.0</beta>
        <name>Time-Dependent</name>
      </sellingStrategy>
      <buyingStrategy>
        <initialValue>0.0</initialValue>
        <reservationValue>0.0</reservationValue>
        <round>0</round>
        <name>Fixed Price</name>
      </buyingStrategy>
      <outgoingOffers/>
      <negotiationMessages>
        <negotiationMessages>homeAgent send a CFP: Price: 0.0, Amount: 43.355999999999995, Number of Periods: 1, Status:COUNTEROFFER</negotiationMessages>
        <negotiationMessages>retailer_Time Dependent send a PROPOSE: Price: 53.0, Amount: 43.355999999999995, Number of Periods: 1, Status:COUNTEROFFER</negotiationMessages>
        <negotiationMessages>homeAgent send a CFP: Price: 0.00395798004002463, Amount: 43.355999999999995, Number of Periods: 1, Status:COUNTEROFFER</negotiationMessages>
        <negotiationMessages>retailer_Time Dependent send a PROPOSE: Price: 43.85361053321694, Amount: 43.355999999999995, Number of Periods: 1, Status:COUNTEROFFER</negotiationMessages>
        <negotiationMessages>homeAgent send a CFP: Price: 0.03989393893992627, Amount: 43.355999999999995, Number of Periods: 1, Status:COUNTEROFFER</negotiationMessages>
        <negotiationMessages>retailer_Time Dependent send a PROPOSE: Price: 42.12304856951563, Amount: 43.355999999999995, Number of Periods: 1, Status:COUNTEROFFER</negotiationMessages>
        <negotiationMessages>homeAgent send a CFP: Price: 0.15412666532429223, Amount: 43.355999999999995, Number of Periods: 1, Status:COUNTEROFFER</negotiationMessages>
        <negotiationMessages>retailer_Time Dependent send a PROPOSE: Price: 40.96267451042441, Amount: 43.355999999999995, Number of Periods: 1, Status:COUNTEROFFER</negotiationMessages>
        <negotiationMessages>homeAgent send a CFP: Price: 0.402105707469071, Amount: 43.355999999999995, Number of Periods: 1, Status:COUNTEROFFER</negotiationMessages>
        <negotiationMessages>retailer_Time Dependent send a PROPOSE: Price: 40.06505196932897, Amount: 43.355999999999995, Number of Periods: 1, Status:COUNTEROFFER</negotiationMessages>
        <negotiationMessages>homeAgent send a CFP: Price: 0.8460063332335738, Amount: 43.355999999999995, Number of Periods: 1, Status:COUNTEROFFER</negotiationMessages>
        <negotiationMessages>retailer_Time Dependent send a PROPOSE: Price: 39.322957658271335, Amount: 43.355999999999995, Number of Periods: 1, Status:COUNTEROFFER</negotiationMessages>
        <negotiationMessages>homeAgent send a CFP: Price: 1.5534994399374245, Amount: 43.355999999999995, Number of Periods: 1, Status:COUNTEROFFER</negotiationMessages>
        <negotiationMessages>retailer_Time Dependent send a PROPOSE: Price: 38.68512688219309, Amount: 43.355999999999995, Number of Periods: 1, Status:COUNTEROFFER</negotiationMessages>
        <negotiationMessages>homeAgent send a CFP: Price: 2.5969707996983615, Amount: 43.355999999999995, Number of Periods: 1, Status:COUNTEROFFER</negotiationMessages>
        <negotiationMessages>retailer_Time Dependent send a PROPOSE: Price: 38.122697269171155, Amount: 43.355999999999995, Number of Periods: 1, Status:COUNTEROFFER</negotiationMessages>
        <negotiationMessages>homeAgent send a CFP: Price: 4.052971560985222, Amount: 43.355999999999995, Number of Periods: 1, Status:COUNTEROFFER</negotiationMessages>
        <negotiationMessages>retailer_Time Dependent send a PROPOSE: Price: 37.617667769735576, Amount: 43.355999999999995, Number of Periods: 1, Status:COUNTEROFFER</negotiationMessages>
        <negotiationMessages>homeAgent send a CFP: Price: 6.001806154595604, Amount: 43.355999999999995, Number of Periods: 1, Status:COUNTEROFFER</negotiationMessages>
        <negotiationMessages>retailer_Time Dependent send a PROPOSE: Price: 37.15798873771892, Amount: 43.355999999999995, Number of Periods: 1, Status:COUNTEROFFER</negotiationMessages>
        <negotiationMessages>homeAgent send a CFP: Price: 8.52720950068285, Amount: 43.355999999999995, Number of Periods: 1, Status:COUNTEROFFER</negotiationMessages>
        <negotiationMessages>retailer_Time Dependent send a PROPOSE: Price: 36.7351639350228, Amount: 43.355999999999995, Number of Periods: 1, Status:COUNTEROFFER</negotiationMessages>
        <negotiationMessages>homeAgent send a CFP: Price: 11.716085983295631, Amount: 43.355999999999995, Number of Periods: 1, Status:COUNTEROFFER</negotiationMessages>
        <negotiationMessages>retailer_Time Dependent send a PROPOSE: Price: 36.34295873514246, Amount: 43.355999999999995, Number of Periods: 1, Status:COUNTEROFFER</negotiationMessages>
        <negotiationMessages>homeAgent send a CFP: Price: 15.65829316301646, Amount: 43.355999999999995, Number of Periods: 1, Status:COUNTEROFFER</negotiationMessages>
        <negotiationMessages>retailer_Time Dependent send a PROPOSE: Price: 35.97665103794284, Amount: 43.355999999999995, Number of Periods: 1, Status:COUNTEROFFER</negotiationMessages>
        <negotiationMessages>homeAgent send a CFP: Price: 20.446459067831626, Amount: 43.355999999999995, Number of Periods: 1, Status:COUNTEROFFER</negotiationMessages>
        <negotiationMessages>retailer_Time Dependent send a PROPOSE: Price: 35.63257114753571, Amount: 43.355999999999995, Number of Periods: 1, Status:COUNTEROFFER</negotiationMessages>
        <negotiationMessages>homeAgent send a CFP: Price: 26.175825412018312, Amount: 43.355999999999995, Number of Periods: 1, Status:COUNTEROFFER</negotiationMessages>
        <negotiationMessages>retailer_Time Dependent send a PROPOSE: Price: 35.30780574044893, Amount: 43.355999999999995, Number of Periods: 1, Status:COUNTEROFFER</negotiationMessages>
        <negotiationMessages>homeAgent send a CFP: Price: 32.94411130575363, Amount: 43.355999999999995, Number of Periods: 1, Status:COUNTEROFFER</negotiationMessages>
        <negotiationMessages>retailer_Time Dependent send a PROPOSE: Price: 35.0, Amount: 43.355999999999995, Number of Periods: 1, Status:COUNTEROFFER</negotiationMessages>
        <negotiationMessages>homeAgent send a CFP: Price: 40.85139347448452, Amount: 43.355999999999995, Number of Periods: 1, Status:COUNTEROFFER</negotiationMessages>
        <negotiationMessages>retailer_Time Dependent send a PROPOSE: Price: 40.85139347448452, Amount: 43.355999999999995, Number of Periods: 1, Status:ACCEPT</negotiationMessages>
        <negotiationMessages>homeAgent send a ACCEPT-PROPOSAL:  - </negotiationMessages>
      </negotiationMessages>
      <incomingOffers/>
      <tariff>
        <blockRates>
          <blockRates>
            <from>0.0</from>
            <upTo>500.0</upTo>
            <volumeCharge>53.0</volumeCharge>
            <feedInRate>22.0</feedInRate>
          </blockRates>
          <blockRates>
            <from>500.0</from>
            <upTo>200.0</upTo>
            <volumeCharge>57.0</volumeCharge>
            <feedInRate>20.0</feedInRate>
          </blockRates>
        </blockRates>
        <name>Block Tariff</name>
      </tariff>
    </retailers>
  </retailers>
</Configuration>
